Team,Median of Age,Mean of Age,Std of Age,Median of Matches Played,Mean of Matches Played,Std of Matches Played,Median of Starts,Mean of Starts,Std of Starts,Median of Minutes,Mean of Minutes,Std of Minutes,Median of Goals,Mean of Goals,Std of Goals,Median of Assists,Mean of Assists,Std of Assists,Median of Yellow Cards,Mean of Yellow Cards,Std of Yellow Cards,Median of Red Cards,Mean of Red Cards,Std of Red Cards,Median of xG,Mean of xG,Std of xG,Median of xAG,Mean of xAG,Std of xAG,Median of PrgC,Mean of PrgC,Std of PrgC,Median of PrgP,Mean of PrgP,Std of PrgP,Median of PrgR,Mean of PrgR,Std of PrgR,Median of Gls/90,Mean of Gls/90,Std of Gls/90,Median of Ast/90,Mean of Ast/90,Std of Ast/90,Median of xG/90,Mean of xG/90,Std of xG/90,Median of xAG/90,Mean of xAG/90,Std of xAG/90,Median of GA90,Mean of GA90,Std of GA90,Median of Save%,Mean of Save%,Std of Save%,Median of CS%,Mean of CS%,Std of CS%,Median of PK Save%,Mean of PK Save%,Std of PK Save%,Median of SoT%,Mean of SoT%,Std of SoT%,Median of SoT/90,Mean of SoT/90,Std of SoT/90,Median of G/Sh,Mean of G/Sh,Std of G/Sh,Median of Dist,Mean of Dist,Std of Dist,Median of Cmp,Mean of Cmp,Std of Cmp,Median of Cmp%,Mean of Cmp%,Std of Cmp%,Median of TotDist,Mean of TotDist,Std of TotDist,Median of Short Cmp%,Mean of Short Cmp%,Std of Short Cmp%,Median of Medium Cmp%,Mean of Medium Cmp%,Std of Medium Cmp%,Median of Long Cmp%,Mean of Long Cmp%,Std of Long Cmp%,Median of KP,Mean of KP,Std of KP,Median of 1/3,Mean of 1/3,Std of 1/3,Median of PPA,Mean of PPA,Std of PPA,Median of CrsPA,Mean of CrsPA,Std of CrsPA,Median of PrgP (Passing),Mean of PrgP (Passing),Std of PrgP (Passing),Median of SCA,Mean of SCA,Std of SCA,Median of SCA90,Mean of SCA90,Std of SCA90,Median of GCA,Mean of GCA,Std of GCA,Median of GCA90,Mean of GCA90,Std of GCA90,Median of Tkl,Mean of Tkl,Std of Tkl,Median of TklW,Mean of TklW,Std of TklW,Median of Att (Challenges),Mean of Att (Challenges),Std of Att (Challenges),Median of Lost (Challenges),Mean of Lost (Challenges),Std of Lost (Challenges),Median of Blocks,Mean of Blocks,Std of Blocks,Median of Sh (Blocks),Mean of Sh (Blocks),Std of Sh (Blocks),Median of Pass (Blocks),Mean of Pass (Blocks),Std of Pass (Blocks),Median of Int,Mean of Int,Std of Int,Median of Touches,Mean of Touches,Std of Touches,Median of Def Pen,Mean of Def Pen,Std of Def Pen,Median of Def 3rd,Mean of Def 3rd,Std of Def 3rd,Median of Mid 3rd,Mean of Mid 3rd,Std of Mid 3rd,Median of Att 3rd,Mean of Att 3rd,Std of Att 3rd,Median of Att Pen,Mean of Att Pen,Std of Att Pen,Median of Att (Take-Ons),Mean of Att (Take-Ons),Std of Att (Take-Ons),Median of Succ% (Take-Ons),Mean of Succ% (Take-Ons),Std of Succ% (Take-Ons),Median of Tkld%,Mean of Tkld%,Std of Tkld%,Median of Carries,Mean of Carries,Std of Carries,Median of ProDist,Mean of ProDist,Std of ProDist,Median of ProgC (Carries),Mean of ProgC (Carries),Std of ProgC (Carries),Median of 1/3 (Carries),Mean of 1/3 (Carries),Std of 1/3 (Carries),Median of CPA,Mean of CPA,Std of CPA,Median of Mis,Mean of Mis,Std of Mis,Median of Dis,Mean of Dis,Std of Dis,Median of Rec,Mean of Rec,Std of Rec,Median of PrgR (Receiving),Mean of PrgR (Receiving),Std of PrgR (Receiving),Median of Fls,Mean of Fls,Std of Fls,Median of Fld,Mean of Fld,Std of Fld,Median of Off,Mean of Off,Std of Off,Median of Crs,Mean of Crs,Std of Crs,Median of Recov,Mean of Recov,Std of Recov,Median of Won (Aerial),Mean of Won (Aerial),Std of Won (Aerial),Median of Lost (Aerial),Mean of Lost (Aerial),Std of Lost (Aerial),Median of Won% (Aerial),Mean of Won% (Aerial),Std of Won% (Aerial)
all,,,,23.0,21.740406320541762,9.645192778059586,15.0,15.593679458239277,10.794130957506017,1364.0,1397.03611738149,907.4958601829237,1.0,2.234762979683973,3.6830247289560125,1.0,1.6455981941309255,2.290724418840829,2.0,3.1670428893905194,2.663494976362179,0.0,0.09706546275395034,0.3184599007325972,1.0,2.2530474040632056,3.22864140277339,1.0,1.6602708803611739,1.9384188917158713,17.0,29.040632054176072,31.60013419350569,46.0,57.284424379232505,50.516118177916205,29.0,56.75620767494357,66.21994187801599,0.05,0.12909706546275396,0.18684834769571254,0.05,0.09627539503386005,0.12486150156962482,0.08,0.14313769751693,0.16075851455217363,0.08,0.10374717832957113,0.09957124923464032,2.245,2.2325,0.8803530136095569,65.8,61.162499999999994,13.720051801234987,4.65,17.7125,34.25732194937101,0.0,8.933333333333334,13.88620418496958,30.0,28.761403508771934,19.36652420048482,0.23,0.4023622047244095,0.4659519797252322,0.06,0.07953216374269007,0.10102880089634715,16.2,16.5546783625731,5.131698830548061,479.0,575.1102362204724,474.83644100967393,80.4,79.30892388451444,8.306939023743414,7621.0,9877.653543307086,8618.53224411267,89.8,88.58031496062993,6.97615154844378,85.7,83.81706036745406,10.19173802486106,54.1,54.34588859416446,14.898146761740676,9.0,14.451443569553806,16.154871491615864,31.0,44.74015748031496,45.77988743607115,7.0,12.128608923884514,15.015141319657586,1.0,2.900262467191601,4.574589418951423,46.0,57.284424379232505,50.516118177916205,22.0,33.46981627296588,33.58927236669545,1.89,2.094015748031496,1.4087521128789198,2.0,3.6929133858267718,4.40486300227306,0.16,0.218241469816273,0.22182806158668844,18.0,25.170603674540683,22.68421145580027,11.0,15.031496062992126,13.938929020179053,603.0,705.9028871391076,553.6264259332664,9.0,11.230971128608925,10.350651459370797,12.0,15.488188976377952,13.636174495416855,11.0,19.018372703412073,21.80118728002265,8.0,10.291338582677165,9.524851348104134,7.0,11.32283464566929,11.855188885993593,768.0,866.7532808398951,641.1538833442138,31.0,94.81889763779527,181.32984269685397,7.0,11.63254593175853,11.736644866046708,8.0,9.905511811023622,9.614763651089271,2.0,3.6325459317585302,4.0466218628844235,21.0,36.666666666666664,43.61978868486505,603.0,705.9028871391076,553.6264259332664,44.5,46.2183615819209,21.949436527624567,43.8,42.62175141242938,21.296658325835477,413.0,486.742782152231,370.02209319761505,2171.0,3376.3307086614172,3698.545135138919,17.0,29.040632054176072,31.60013419350569,31.0,44.74015748031496,45.77988743607115,2.0,8.543307086614174,15.057131151320998,13.0,19.750656167979002,20.27244125822814,8.0,13.351706036745407,14.770246709898007,507.0,571.6797900262467,434.05677816321395,29.0,56.75620767494357,66.21994187801599,12.0,15.973753280839896,14.121627453252094,0.0,1.3648293963254594,2.094032067511183,1.0,2.5669291338582676,4.266004943333249,9.0,26.173228346456693,37.97286312650176,45.0,59.44094488188976,47.06121213404837,10.0,19.04724409448819,22.066356244548253,9.0,11.230971128608925,10.350651459370797,50.0,49.41336898395721,20.693816223847676
Arsenal,,,,22.0,22.714285714285715,7.817562645370084,15.0,16.666666666666668,9.870832453918633,1418.0,1488.952380952381,851.1471950368207,2.0,2.9523809523809526,2.801360213828105,2.0,2.4285714285714284,2.7671542886407425,3.0,2.9523809523809526,2.0118695404073916,0.0,0.23809523809523808,0.5389584311207967,2.0,2.6857142857142855,2.6418337787010207,0.9,2.0238095238095233,2.1977044300598663,25.0,37.0,32.51461209979292,59.0,80.04761904761905,62.28601463448773,57.0,79.57142857142857,77.47552608957969,0.11,0.17047619047619045,0.16393523692227338,0.11,0.14380952380952383,0.15044853573485487,0.1,0.16,0.14089002803605372,0.1,0.1252380952380952,0.11685970424483573,,,,,,,,,,,,,29.799999999999997,33.35,25.64433510693781,0.12,0.2842105263157895,0.35968065758196743,0.055,0.08857142857142856,0.10234610532270035,19.15,18.392857142857142,6.153356093124403,590.0,632.4736842105264,427.063405183333,83.8,82.8,7.59670981412348,10830.0,11436.526315789473,8271.647117771387,90.9,91.64736842105265,6.304616335234279,92.0,89.6842105263158,9.39540450065851,55.7,61.45263157894736,15.289116260379206,10.0,13.473684210526315,15.798623080131703,40.0,44.21052631578947,42.08665524495386,5.0,13.0,20.09975124224178,1.0,1.894736842105263,2.131633094395658,59.0,80.04761904761905,62.28601463448773,28.0,30.05263157894737,32.44734826386781,1.51,2.0547368421052625,1.6862264525035797,3.0,3.473684210526316,3.7322680184310864,0.19,0.21105263157894735,0.21239101092199697,15.0,22.736842105263158,23.699137596271672,10.0,13.368421052631579,13.90527688132095,729.0,748.578947368421,497.86681795541733,6.0,10.578947368421053,12.134962296666622,5.0,10.526315789473685,10.699784115437051,9.0,13.31578947368421,15.656211516977134,5.0,7.315789473684211,8.028093945492966,4.0,8.947368421052632,9.246462892554742,892.0,876.2631578947369,571.0399715631183,47.0,165.89473684210526,291.99503320297197,5.0,10.105263157894736,9.971597090637573,6.0,10.052631578947368,12.1448374226826,1.0,2.5789473684210527,3.1325493606767036,12.0,23.0,28.92711146619686,729.0,748.578947368421,497.86681795541733,41.9,45.48,27.11660535012238,33.3,41.60666666666666,26.88837950455461,429.0,510.89473684210526,352.1369516942776,2683.0,4342.421052631579,4306.187980566641,25.0,37.0,32.51461209979292,40.0,44.21052631578947,42.08665524495386,1.0,3.5789473684210527,6.194224814505168,5.0,13.368421052631579,15.166522073727565,4.0,10.947368421052632,14.905158257799831,539.0,589.5263157894736,412.22342491273304,57.0,79.57142857142857,77.47552608957969,8.0,14.157894736842104,18.031648590109363,0.0,0.8947368421052632,1.3289401308354825,0.0,0.9473684210526315,1.6490294859747159,7.0,20.36842105263158,28.19615916774598,44.0,55.578947368421055,41.29476128931514,8.0,14.736842105263158,18.952695807261115,6.0,10.578947368421053,12.134962296666622,48.6,54.54705882352941,22.315216715479675
Aston Villa,,,,21.0,19.88,9.803570778037969,11.0,13.84,11.18659912573969,1051.0,1239.84,896.0447663668,1.0,2.04,3.4457703541201545,0.0,1.6,2.5,2.0,2.56,2.2561028345356955,0.0,0.08,0.27688746209726917,0.8,2.064,3.091100127786222,0.4,1.492,2.0930281093828307,17.0,25.76,24.05077961314352,35.0,48.8,49.01275344234396,25.0,47.32,53.559717450088684,0.04,0.174,0.28943911276812606,0.0,0.07919999999999999,0.09827342808036497,0.09,0.1916,0.24063596295372533,0.05,0.0824,0.0758990557692694,,,,,,,,,,,,,24.1,22.144444444444446,19.097927889517297,0.06,0.3821739130434783,0.5372400557203043,0.025,0.059444444444444446,0.07083304498211206,15.25,14.544444444444443,5.830268102222302,265.0,562.304347826087,534.4987826147042,79.6,78.74782608695654,8.355285184470604,5932.0,9844.565217391304,9550.441611998353,91.8,89.51739130434783,8.792334066669723,86.8,84.61304347826086,12.105682525455332,45.9,48.10434782608696,14.786648715552626,6.0,16.956521739130434,21.972044761199225,11.0,45.69565217391305,58.80896250697035,2.0,13.173913043478262,19.218012795559186,0.0,2.4347826086956523,4.272811369116057,35.0,48.8,49.01275344234396,9.0,36.391304347826086,45.408989028439954,1.98,1.8752173913043473,1.641808508281527,1.0,3.739130434782609,5.109860265874097,0.09,0.16478260869565214,0.19888026469158387,9.0,21.869565217391305,25.538392395881303,6.0,13.217391304347826,15.32068275757,341.0,698.7391304347826,637.6853896134694,4.0,11.0,15.195693169746844,9.0,12.91304347826087,14.847445582193778,4.0,21.434782608695652,28.594065002368655,5.0,8.826086956521738,9.712467030074114,5.0,8.782608695652174,11.245025250544149,578.0,853.8260869565217,747.3136527939081,51.0,125.91304347826087,223.67832280947934,5.0,9.826086956521738,12.301707841201429,3.0,9.130434782608695,11.434812666216374,1.0,2.9130434782608696,4.055445760481273,10.0,34.73913043478261,46.71890545038714,341.0,698.7391304347826,637.6853896134694,44.4,49.57368421052632,16.11716966141192,42.9,37.00000000000001,17.938258307625944,272.0,489.30434782608694,433.36887864755255,2828.0,3672.6521739130435,3849.3807011789177,17.0,25.76,24.05077961314352,11.0,45.69565217391305,58.80896250697035,2.0,7.043478260869565,11.255213987180928,16.0,22.26086956521739,26.541934901216138,5.0,15.304347826086957,19.039277064695632,427.0,577.9565217391304,525.1755099064823,25.0,47.32,53.559717450088684,8.0,13.043478260869565,13.736078111936944,0.0,1.6521739130434783,2.5868319629893017,1.0,2.1739130434782608,3.498729300670114,3.0,31.26086956521739,54.640325926840006,32.0,59.65217391304348,58.83459765667584,9.0,17.652173913043477,23.39115741170771,4.0,11.0,15.195693169746844,50.0,55.877272727272725,22.0189730269187
Bournemouth,,,,26.0,23.8,8.859131476974241,17.5,17.45,11.436207505342981,1690.0,1561.3,979.6341476071027,1.5,2.7,3.728976154106478,1.0,1.95,2.0894471693929497,3.5,4.3,3.0279400675428794,0.0,0.1,0.30779350562554625,1.4,3.0799999999999996,3.6799027447102883,1.5,2.08,1.86366927267011,25.0,34.35,35.0492510618986,50.0,67.15,50.30148579996629,35.5,66.3,73.03719312067906,0.075,0.1555,0.18500284492833874,0.115,0.1155,0.11555244878864591,0.08,0.20800000000000002,0.20361470322258424,0.11,0.1475,0.15025854910436004,2.19,2.19,0.0,64.5,64.5,0.0,3.7,3.7,0.0,25.0,25.0,0.0,32.45,30.172222222222217,19.700307717977566,0.31,0.6331578947368421,0.7791309448608533,0.04,0.06444444444444446,0.07815687258345323,15.850000000000001,16.922222222222224,3.8523568882920545,436.0,502.05263157894734,446.44353552197026,77.0,77.80526315789473,7.788272785570376,6480.0,8410.894736842105,7820.4910395329525,88.2,87.76315789473684,5.82553865190124,85.1,81.96842105263158,10.269915753824044,49.3,53.768421052631574,16.298570238302055,9.0,14.578947368421053,16.392124767276663,37.0,43.473684210526315,47.587776699779425,6.0,11.0,11.080513425729775,2.0,2.9473684210526314,3.7928834561953924,50.0,67.15,50.30148579996629,25.0,31.05263157894737,29.690016436899995,2.35,2.186315789473684,1.280096396224023,2.0,2.8421052631578947,2.733803981730643,0.16,0.19210526315789475,0.17216203438003205,20.0,25.57894736842105,23.469402751179587,10.0,14.631578947368421,13.233839311551906,542.0,622.2631578947369,537.1059115611354,13.0,12.263157894736842,10.10963294895384,10.0,14.68421052631579,15.758781085050634,13.0,15.947368421052632,13.729423732385559,9.0,8.947368421052632,6.372455345822591,4.0,11.68421052631579,12.970276410911165,596.0,772.0526315789474,635.0971468719665,39.0,60.578947368421055,93.40492241934439,8.0,12.368421052631579,12.715740579279377,5.0,9.473684210526315,10.415631527514742,3.0,3.736842105263158,3.429319745682612,20.0,32.78947368421053,38.58983594933375,542.0,622.2631578947369,537.1059115611354,38.2,44.27222222222222,24.190416321966545,42.3,40.63333333333333,16.447599503020637,305.0,410.89473684210526,326.8189942013166,1476.0,2702.7368421052633,2861.5547025680767,25.0,34.35,35.0492510618986,37.0,43.473684210526315,47.587776699779425,2.0,8.263157894736842,13.915786819544827,15.0,17.31578947368421,14.134483567891476,8.0,11.052631578947368,9.83459700473863,333.0,478.1578947368421,378.79153797275626,35.5,66.3,73.03719312067906,14.0,17.05263157894737,15.515131267430966,1.0,1.4736842105263157,1.7438278792686563,0.0,1.7894736842105263,2.417044737516849,12.0,33.473684210526315,44.74293044226544,43.0,55.421052631578945,52.86598968615906,13.0,15.052631578947368,13.335306871486877,13.0,12.263157894736842,10.10963294895384,49.3,45.23157894736841,15.493799929562469
Brentford,,,,28.0,24.105263157894736,10.571947874982408,21.0,18.42105263157895,12.889771093018268,1913.0,1644.7368421052631,1082.197242347729,1.0,3.210526315789474,5.750158909576336,2.0,2.0526315789473686,2.5270466778990652,2.0,2.736842105263158,1.8511889651776021,0.0,0.05263157894736842,0.22941573387056177,1.1,2.884210526315789,4.328235868225547,1.2,2.068421052631579,2.278413832174321,15.0,28.57894736842105,32.90274522399087,54.0,64.42105263157895,53.68769338547366,37.0,63.63157894736842,78.81357083249318,0.03,0.12789473684210528,0.2011240343494095,0.1,0.10578947368421054,0.10663102474700548,0.07,0.13368421052631582,0.16412090821897093,0.08,0.11421052631578947,0.08821160099276966,,,,,,,,,,,,,25.0,25.77692307692308,13.557725586429424,0.1,0.19066666666666665,0.18869728844545344,0.06,0.06384615384615386,0.09124495068572851,13.4,15.161538461538461,5.190622708554737,833.0,809.6,494.6571395565677,84.1,81.34666666666665,8.50116518624415,15479.0,14665.266666666666,9499.378870421451,91.8,90.96666666666667,5.828337997193009,91.4,89.33333333333333,8.22041593200965,53.2,53.25333333333333,11.954668344964457,6.0,13.0,17.217101133134214,47.0,61.86666666666667,50.92272390125855,7.0,11.933333333333334,17.527393525836175,1.0,2.8,4.570089089472357,54.0,64.42105263157895,53.68769338547366,17.0,29.933333333333334,30.978026006156284,1.12,1.5993333333333333,1.259668134678261,1.0,2.8,5.427443491842439,0.07,0.11200000000000002,0.1827253989695232,21.0,29.333333333333332,28.047578623950177,13.0,17.666666666666668,16.198177440099624,970.0,968.0,557.8083388200133,6.0,12.733333333333333,12.640449057725457,14.0,16.2,11.117553687749837,9.0,11.8,9.828529900244494,7.0,10.0,10.155927192672127,12.0,13.733333333333333,12.144761755392244,1147.0,1126.0666666666666,613.5407154572625,111.0,195.13333333333333,332.55308204999756,12.0,14.933333333333334,13.00256384974389,7.0,10.133333333333333,10.960100798980342,2.0,4.266666666666667,6.808258290662962,20.0,30.0,34.44664611499106,970.0,968.0,557.8083388200133,45.8,56.39333333333334,29.192965558422433,36.2,28.466666666666665,23.694624666688394,677.0,661.4666666666667,382.6796248013412,5250.0,5751.066666666667,5663.012694754655,15.0,28.57894736842105,32.90274522399087,47.0,61.86666666666667,50.92272390125855,2.0,5.6,8.500420157682964,10.0,14.933333333333334,14.473950327924923,6.0,11.4,13.053735097664577,739.0,744.4666666666667,436.5144191149223,37.0,63.63157894736842,78.81357083249318,9.0,12.333333333333334,9.925916054642489,0.0,0.8666666666666667,1.552264091423817,0.0,1.6666666666666667,2.380476142847616,5.0,19.666666666666668,33.729314648635636,48.0,63.333333333333336,43.042614542644436,11.0,17.666666666666668,16.264187945415827,6.0,12.733333333333333,12.640449057725457,50.0,50.28,20.478602072825744
Brighton,,,,22.5,20.291666666666668,9.593834825900782,13.5,14.416666666666666,9.263845884928685,1271.5,1285.7083333333333,817.8952563515201,1.0,2.25,3.1519490174645357,1.0,1.5,1.6681153124565982,2.5,2.9166666666666665,2.586195235689187,0.0,0.125,0.3378319623460881,0.9500000000000001,2.1666666666666665,2.7740516070975647,1.3,1.5166666666666666,1.4187154835231786,19.5,30.208333333333332,30.75001472840463,43.0,57.375,50.32832420607013,37.5,56.625,64.93127637875227,0.07500000000000001,0.1254166666666667,0.14631648742624198,0.045,0.10583333333333335,0.13704701404252126,0.09,0.12875,0.11573254399316743,0.095,0.11041666666666668,0.077934150948464,,,,,,,,,,,,,34.5,34.800000000000004,28.09108201705461,0.23,0.40263157894736845,0.5530204145846412,0.06,0.11000000000000001,0.22365648262955004,16.8,16.936842105263157,5.725305477179147,429.0,530.421052631579,439.69109305277215,78.5,78.87894736842105,6.9621659263454,7524.0,8759.368421052632,8144.055822844907,88.4,87.26842105263158,6.686890377744845,84.0,82.47894736842106,9.65329989332194,50.6,53.61052631578948,17.13767437667479,13.0,12.0,11.105554165971787,32.0,43.578947368421055,48.78332569123467,7.0,10.210526315789474,9.089548010816362,2.0,2.9473684210526314,3.099707588548139,43.0,57.375,50.32832420607013,27.0,30.789473684210527,24.735442289620735,1.61,2.291052631578947,1.607710223809841,3.0,3.473684210526316,4.7418751688503,0.18,0.27789473684210525,0.3116547047146252,24.0,26.42105263157895,19.3715593058876,11.0,15.157894736842104,11.95948325664959,501.0,658.0526315789474,516.1662602177079,9.0,12.0,8.393118874676114,17.0,18.473684210526315,12.339495852535338,10.0,15.68421052631579,15.776398094688954,12.0,12.631578947368421,8.37463449494822,10.0,12.68421052631579,11.21037531128566,569.0,825.8421052631579,598.6743933389553,34.0,58.78947368421053,63.79966818737159,12.0,12.947368421052632,11.457523894854837,10.0,9.947368421052632,8.08615884782637,2.0,3.526315789473684,3.4216373769266206,23.0,33.31578947368421,36.65310754080288,501.0,658.0526315789474,516.1662602177079,40.0,42.789473684210535,18.88817662915796,43.3,44.357894736842105,22.341598365915086,344.0,448.1578947368421,345.5712280908388,1944.0,2935.5789473684213,3182.989253931479,19.5,30.208333333333332,30.75001472840463,32.0,43.578947368421055,48.78332569123467,4.0,9.263157894736842,13.076026007176297,12.0,19.63157894736842,18.98891643481589,8.0,13.947368421052632,13.12111819511045,407.0,521.0,378.52109878079744,37.5,56.625,64.93127637875227,12.0,13.68421052631579,9.333646611283688,1.0,1.631578947368421,1.7065405655167958,1.0,2.5789473684210527,6.122052937025512,13.0,25.105263157894736,28.579119683281796,49.0,63.31578947368421,47.864452863823864,8.0,20.842105263157894,25.523982530367913,9.0,12.0,8.393118874676114,50.0,48.594736842105256,16.473428897746906
Chelsea,,,,23.5,20.863636363636363,11.170946391870444,13.5,15.272727272727273,12.056145708751588,1200.5,1373.5,1046.3550681157083,1.0,2.6363636363636362,3.861229196653691,1.0,2.0,2.3502786055720124,3.0,4.0,3.295017884191656,0.0,0.045454545454545456,0.2132007163556105,1.1,2.986363636363637,4.457876438133109,1.1,2.2590909090909097,2.5819260235998227,18.0,36.40909090909091,42.71127774667068,37.0,65.54545454545455,65.1626004865099,24.0,66.95454545454545,78.87692478836422,0.09,0.16045454545454543,0.21470860148066623,0.1,0.15045454545454545,0.19369778307670732,0.105,0.1777272727272727,0.18549629230492576,0.14,0.17545454545454545,0.17579011491595453,,,,,,,,,,,,,29.4,29.510526315789477,16.805947847144346,0.25,0.4431578947368421,0.4501487733279465,0.11,0.11368421052631575,0.09405734222128008,19.3,18.25263157894737,5.864049456083382,541.0,709.2631578947369,535.5883413079762,76.5,75.77368421052631,8.818720120369141,8735.0,11731.368421052632,9515.467106012926,86.7,85.11578947368423,7.9937658458113985,78.0,77.91052631578947,10.710684942141869,50.0,52.88421052631579,13.88861496805906,20.0,23.894736842105264,16.855248891804546,42.0,65.47368421052632,64.0887998717861,15.0,20.63157894736842,16.97125192237937,3.0,5.894736842105263,6.615593841171405,37.0,65.54545454545455,65.1626004865099,56.0,52.05263157894737,34.62573494480422,2.51,2.433157894736842,0.9416242033586845,4.0,5.473684210526316,4.181552357314095,0.26,0.27736842105263154,0.16609375214897149,35.0,40.578947368421055,26.264288787193077,26.0,24.842105263157894,16.53703976564507,678.0,902.4736842105264,640.317314429256,14.0,17.842105263157894,12.680970686184068,21.0,22.894736842105264,14.677627483282565,17.0,25.842105263157894,24.513631486480556,16.0,16.63157894736842,10.339839491102092,12.0,16.526315789473685,13.95774743467915,959.0,1128.5263157894738,739.7576456306524,30.0,60.8421052631579,68.04350173716055,15.0,20.157894736842106,14.311080236790641,15.0,15.789473684210526,11.721674829934221,4.0,4.631578947368421,3.562310834210311,36.0,44.473684210526315,35.839717913468,678.0,902.4736842105264,640.317314429256,45.5,50.60526315789474,14.380444811703711,39.7,36.7,13.817058699705631,533.0,592.8947368421053,395.04569281945686,2762.0,3809.1052631578946,3463.242473860087,18.0,36.40909090909091,42.71127774667068,42.0,65.47368421052632,64.0887998717861,8.0,11.052631578947368,11.668922087753371,21.0,30.473684210526315,21.03269523874313,17.0,21.57894736842105,16.358198044859762,617.0,715.2105263157895,470.3335198378284,24.0,66.95454545454545,78.87692478836422,25.0,23.842105263157894,14.54595460331282,1.0,2.210526315789474,2.954825570494269,1.0,3.3157894736842106,4.726434309979322,25.0,50.8421052631579,52.61945474388593,84.0,86.42105263157895,56.37800574837445,20.0,23.105263157894736,18.841133301730213,14.0,17.842105263157894,12.680970686184068,42.5,42.60526315789473,17.838612106084515
Crystal Palace,,,,28.0,23.5,10.600397212021424,17.5,17.4,12.604928025431791,1538.0,1557.2,1052.1928280350617,0.5,2.0,3.4641016151377544,1.0,1.6,2.112618729145617,2.0,3.65,3.4530688105692757,0.0,0.2,0.4103913408340617,1.15,2.68,3.502871002928583,1.5,2.0050000000000003,2.141439506008689,12.5,22.8,22.735550645583555,54.0,52.65,38.77909773386471,11.5,52.1,65.40955990003137,0.015,0.0895,0.1319678988079657,0.035,0.0635,0.0797545576985053,0.09,0.14850000000000002,0.14042323244579694,0.11,0.10600000000000001,0.07221313483089668,,,,,,,,,,,,,34.85,32.724999999999994,15.877636264045517,0.38,0.5564705882352942,0.5550781608979787,0.09,0.0925,0.07852812659593164,16.35,16.525,4.474445961978607,534.0,573.8823529411765,409.8955480291505,75.7,77.2235294117647,8.055939533332277,10271.0,9926.529411764706,7444.841461690496,86.2,86.7764705882353,6.559109067907461,81.5,81.66470588235295,9.641443173643054,53.1,53.3,12.104751133336032,12.0,18.647058823529413,21.67066328146934,41.0,51.23529411764706,45.69125930055538,6.0,13.411764705882353,16.908055859299036,2.0,2.9411764705882355,4.336914056032442,54.0,52.65,38.77909773386471,23.0,45.294117647058826,48.94737570325189,2.31,2.5041176470588233,1.4880778660050413,5.0,5.294117647058823,5.370808899532185,0.3,0.2570588235294118,0.196111087966819,21.0,23.705882352941178,17.90518327846141,9.0,13.588235294117647,11.688984256177973,717.0,719.0,494.8458093184179,11.0,10.294117647058824,8.304853294025976,13.0,14.058823529411764,9.522805444269654,14.0,26.529411764705884,30.38115708596947,9.0,9.823529411764707,7.134732774582793,11.0,12.235294117647058,10.286699007484774,871.0,895.8823529411765,573.503147588675,30.0,93.58823529411765,194.42159693033378,9.0,9.352941176470589,7.57414332177729,10.0,10.470588235294118,9.233888990146728,4.0,3.8823529411764706,3.018326376925971,24.0,40.76470588235294,42.0156658458555,717.0,719.0,494.8458093184179,45.849999999999994,53.306250000000006,26.572027114994444,44.099999999999994,40.193749999999994,23.710207893085485,436.0,504.0,338.68698675916085,3030.0,3479.3529411764707,3744.6439407034495,12.5,22.8,22.735550645583555,41.0,51.23529411764706,45.69125930055538,2.0,8.529411764705882,12.792173618363414,17.0,26.0,28.370318997149116,15.0,17.11764705882353,15.964344462509166,533.0,592.8823529411765,397.66519874653056,11.5,52.1,65.40955990003137,13.0,20.058823529411764,18.181276729905736,1.0,2.4705882352941178,3.502100210210002,1.0,2.823529411764706,3.6612035950908117,12.0,25.88235294117647,35.03905384164428,57.0,63.705882352941174,45.24345906576214,11.0,18.11764705882353,18.1482862584225,11.0,10.294117647058824,8.304853294025976,50.0,45.017647058823535,22.208704242203037
Everton,,,,24.0,22.3,9.015191856556704,15.0,17.2,10.045161181280006,1357.5,1535.25,848.2678248239638,1.0,1.6,2.21002500581233,1.0,0.95,1.1459310165698642,3.0,3.2,2.117595458607661,0.0,0.1,0.30779350562554625,1.1,1.8050000000000002,2.081617539066043,1.05,1.335,1.1449086380465843,12.0,21.6,20.967142214226023,44.0,46.0,35.73145451986615,25.0,45.95,41.36420395004663,0.04,0.095,0.1349268807832403,0.035,0.06599999999999999,0.08810281075628572,0.05,0.11200000000000002,0.1250936491298882,0.055,0.0765,0.06243101455965111,,,,,,,,,,,,,41.8,35.30625,18.793987292039265,0.35,0.6082352941176471,0.6080423021274676,0.11499999999999999,0.114375,0.1137229821393489,15.25,16.3625,5.732117119064008,377.0,477.52941176470586,410.71935638082886,79.6,77.65882352941176,10.2354200465546,6689.0,7846.058823529412,7097.05314259542,88.0,85.24117647058824,9.354882336481404,80.0,80.7,10.773636804719194,50.0,53.476470588235294,14.791489504600472,8.0,14.058823529411764,15.204730301107341,26.0,35.23529411764706,33.662905050969506,6.0,11.352941176470589,14.465221984429535,0.0,2.176470588235294,3.2641096434871613,44.0,46.0,35.73145451986615,17.0,31.88235294117647,34.77406065039927,1.89,2.3052941176470587,1.6365860718545282,2.0,3.764705882352941,5.274104328754621,0.17,0.22588235294117648,0.24415821774848712,17.0,23.0,16.65457894994647,10.0,12.882352941176471,9.218746884346432,425.0,588.8823529411765,464.4585399086958,11.0,12.411764705882353,9.689290631474343,9.0,14.411764705882353,13.266776282924818,7.0,19.41176470588235,18.597912596342002,7.0,9.470588235294118,10.161924319849708,9.0,10.764705882352942,12.710868438882853,496.0,745.1176470588235,546.8876578367057,21.0,54.705882352941174,88.42565005831337,6.0,10.176470588235293,8.938926768058113,8.0,9.294117647058824,6.17216236300489,2.0,3.5294117647058822,4.124888590295856,15.0,39.64705882352941,44.891454053737476,425.0,588.8823529411765,464.4585399086958,46.45,56.675000000000004,28.129332258930948,43.3,32.89375,21.710134922043515,334.0,422.0,324.4281507514414,2069.0,2424.9411764705883,2374.8435861806834,12.0,21.6,20.967142214226023,26.0,35.23529411764706,33.662905050969506,1.0,9.235294117647058,15.765981620901004,10.0,18.470588235294116,17.292041692129732,12.0,13.058823529411764,12.803664457076799,362.0,504.29411764705884,377.17498669481694,25.0,45.95,41.36420395004663,11.0,17.41176470588235,14.569054634435842,1.0,1.4705882352941178,1.9402850002906638,1.0,3.3529411764705883,4.045694879600231,4.0,25.058823529411764,33.34379737716464,42.0,51.294117647058826,39.50912031715328,14.0,23.41176470588235,26.284641008413576,11.0,12.411764705882353,9.689290631474343,47.1,49.588235294117645,12.078021482891
Fulham,,,,28.0,24.57894736842105,9.227469795692064,17.0,16.736842105263158,11.129750447752176,1592.0,1502.7368421052631,918.2523159728341,1.0,2.526315789473684,3.4216373769266206,1.0,2.1052631578947367,2.7058524399716597,2.0,3.4210526315789473,3.1502343735327276,0.0,0.05263157894736842,0.22941573387056177,1.2,2.3473684210526318,2.824568486424594,1.0,1.8105263157894735,1.9618287208175338,27.0,34.94736842105263,37.85714916221318,56.0,68.26315789473684,49.75924493137281,47.0,70.89473684210526,74.36389113066615,0.03,0.1773684210526316,0.25207675430011295,0.09,0.10789473684210525,0.12131588461388361,0.1,0.15631578947368424,0.15621248087552592,0.1,0.1068421052631579,0.07916597414286207,,,,,,,,,,,,,28.6,26.576923076923077,15.173999354496376,0.14,0.28437500000000004,0.37056657071750726,0.06,0.07538461538461538,0.07534535869529772,16.7,16.699999999999996,4.894043999257328,583.0,614.6875,390.4236534415745,84.1,83.0,5.730270499723376,10014.5,10327.6875,6826.163810113261,91.45,91.3,5.3893722578175405,85.75,87.04375,7.330026716640715,56.849999999999994,60.543749999999996,10.946656643316565,14.5,14.875,15.0858653491715,37.0,47.625,34.34312158205774,9.5,14.5625,19.44897169518224,1.0,3.625,5.818075283115543,56.0,68.26315789473684,49.75924493137281,32.5,34.5625,31.673266856030708,1.49,1.885625,1.6727102508603613,3.0,3.625,4.529532720564745,0.12,0.15749999999999997,0.18880324855962272,28.0,32.1875,26.24047446217389,16.5,19.75,16.282915381875977,683.0,743.125,468.5377074829019,10.5,10.75,7.954034615631659,21.0,19.5625,16.954719107080482,12.5,19.0,23.076683759442847,9.0,12.0,10.677078252031311,12.5,13.4375,12.5004999900004,915.5,926.1875,572.0917430797267,66.0,95.125,97.57313496381403,10.5,15.5,15.249043685862183,10.0,12.125,10.613670430157514,4.0,4.5625,3.539656292165479,21.0,37.3125,44.86827944104833,683.0,743.125,468.5377074829019,49.7,47.607142857142854,22.73944266571309,47.4,42.542857142857144,19.02418356827857,531.0,521.3125,331.62603813130636,2862.0,3231.875,2294.5256263550423,27.0,34.94736842105263,37.85714916221318,37.0,47.625,34.34312158205774,0.0,7.75,13.314152870786286,16.0,20.625,20.35313243704762,10.0,11.5625,11.45989383313243,634.0,617.625,389.69832349310065,47.0,70.89473684210526,74.36389113066615,17.0,15.9375,11.94134972829007,0.0,1.1875,2.809952550014561,1.0,2.25,3.6239941133138354,11.5,21.6875,34.75575491914972,77.5,69.6875,48.81764537541728,10.5,19.375,25.99198594438935,10.5,10.75,7.954034615631659,49.0,51.4875,27.22153253094567
Ipswich Town,,,,19.0,19.26923076923077,9.075495324477634,12.0,13.26923076923077,10.153059410080067,1017.5,1183.8076923076924,834.4638048102873,0.5,1.2307692307692308,2.454509194241363,1.0,0.9615384615384616,1.1128618685450313,2.5,3.269230769230769,2.70640266490694,0.0,0.19230769230769232,0.40191847623425014,0.7,1.1576923076923076,1.8471974614367739,0.5,0.8115384615384614,1.0065095819024965,10.0,16.884615384615383,18.87501400916444,26.0,31.46153846153846,25.603485339665408,15.5,30.03846153846154,36.75593097091218,0.02,0.09115384615384615,0.14860220518086328,0.05,0.07807692307692309,0.10770401035316117,0.045,0.09115384615384615,0.10519798184668462,0.04,0.06384615384615384,0.059064501899325154,2.45,2.45,0.0,58.7,58.7,0.0,0.0,0.0,0.0,0.0,0.0,0.0,26.5,26.035000000000004,17.67821362135058,0.2,0.3632,0.4090101873221905,0.045,0.076,0.09121403400793103,15.55,15.694999999999999,4.479364969090573,293.0,396.52,369.4920071305106,80.2,79.148,8.848593108511658,4794.0,6933.96,7114.974264886698,90.1,89.512,7.515224547543473,84.7,83.944,11.63837331130658,55.3,56.33199999999999,12.481710619943085,5.0,9.36,12.37564813117546,27.0,31.64,32.345633399270454,4.0,7.44,10.412652559906785,1.0,1.44,2.1228911104120876,26.0,31.46153846153846,25.603485339665408,15.0,22.88,25.39245294702083,1.8,1.9383999999999997,1.2679270483746294,2.0,2.96,3.856596081174866,0.18,0.27080000000000004,0.28442808112655354,12.0,16.08,14.29428790344824,8.0,9.52,8.67525215771853,366.0,486.28,415.8874567315858,7.0,9.12,8.569908595389647,8.0,10.8,9.22406273468114,9.0,15.68,18.816482136680065,4.0,6.56,6.083310502240262,5.0,7.08,6.428582010573302,477.0,602.56,474.71316602765506,31.0,75.76,156.4255094286095,5.0,6.44,6.583312236253115,5.0,6.92,7.152621896899066,2.0,2.72,3.129430193075623,18.0,32.4,44.25776767980961,366.0,486.28,415.8874567315858,41.5,36.30869565217392,22.53576779343286,50.0,54.60434782608695,23.599951430244115,246.0,334.52,287.87310862021593,1473.0,2402.16,2984.6765553406285,10.0,16.884615384615383,18.87501400916444,27.0,31.64,32.345633399270454,1.0,6.72,15.076250639112276,9.0,16.92,22.724656213021134,4.0,9.96,13.519985207092498,303.0,402.68,332.6994038668139,15.5,30.03846153846154,36.75593097091218,9.0,14.08,14.294287903448241,1.0,0.88,1.1661903789690602,1.0,2.12,3.5393031329156686,6.0,14.36,20.450916849862747,29.0,40.44,31.93884781891795,7.0,15.88,20.308700926778485,7.0,9.12,8.569908595389647,50.0,49.917391304347824,18.039694922181347
Leicester City,,,,21.5,21.045454545454547,9.120762670320486,15.0,15.181818181818182,9.950526971622509,1417.5,1362.909090909091,814.4931762753658,0.0,1.0909090909090908,1.9738550848793073,0.5,1.0,1.2344267996967353,3.0,3.3636363636363638,2.682313403539041,0.0,0.0,0.0,0.5,1.263636363636364,2.2912972941203615,0.5,1.040909090909091,1.1882997420921528,16.0,22.954545454545453,23.24707308300137,31.5,44.13636363636363,34.88797780999919,27.5,41.72727272727273,40.90195223910097,0.0,0.05772727272727273,0.08744695361743425,0.015,0.06681818181818182,0.08962282679234727,0.05,0.07136363636363638,0.08598424299422565,0.04,0.07636363636363636,0.08448981085626917,,,,,,,,,,,,,32.3,27.237500000000004,25.647842664312595,0.41,0.46352941176470586,0.47603756648596796,0.0,0.044375,0.06918272905863139,15.75,17.83125,6.478242431400665,178.0,352.29411764705884,363.81172409398147,81.8,77.8294117647059,8.729244290449945,2931.0,5525.470588235294,5982.543325351341,89.5,87.41176470588235,6.756652495221023,85.7,81.2,8.97656671562129,48.5,49.32941176470588,19.304460776782992,6.0,11.705882352941176,16.20480139450324,12.0,26.647058823529413,31.360686329524476,3.0,10.176470588235293,14.950900031928041,0.0,1.7647058823529411,3.9769556787306835,31.5,44.13636363636363,34.88797780999919,17.0,27.88235294117647,33.331446025002386,1.99,2.4223529411764706,1.624259559813966,2.0,2.8823529411764706,4.3572117366094405,0.15,0.20823529411764707,0.21246279951198654,11.0,19.58823529411765,19.754932369946914,5.0,11.823529411764707,11.89661345781672,213.0,442.94117647058823,443.8536457251753,3.0,6.764705882352941,7.352970588176471,7.0,14.529411764705882,14.87917020140414,13.0,17.176470588235293,20.26769379492166,7.0,9.764705882352942,9.542859973330229,3.0,7.764705882352941,10.837028027581557,326.0,575.4705882352941,563.0333158045644,15.0,35.94117647058823,60.52424161878785,4.0,8.705882352941176,8.282245361935017,2.0,7.294117647058823,8.556902958155721,1.0,3.588235294117647,4.899729884511642,17.0,35.529411764705884,43.17423659872115,213.0,442.94117647058823,443.8536457251753,48.25,52.193749999999994,25.690996315181447,41.0,39.849999999999994,24.229458654015914,217.0,330.29411764705884,320.4328644010088,852.0,1532.5294117647059,1711.3253313458206,16.0,22.954545454545453,23.24707308300137,12.0,26.647058823529413,31.360686329524476,3.0,11.588235294117647,19.355421797036005,10.0,18.705882352941178,24.8338597128053,7.0,12.588235294117647,13.4631850964464,216.0,381.70588235294116,364.1448483615212,27.5,41.72727272727273,40.90195223910097,9.0,11.352941176470589,11.629387217683636,1.0,1.2941176470588236,1.5718104959867516,0.0,2.0588235294117645,3.7160225415639996,7.0,20.647058823529413,43.63333183540793,26.0,48.8235294117647,54.10433819727126,7.0,14.705882352941176,21.28897809279004,3.0,6.764705882352941,7.352970588176471,50.0,43.7235294117647,26.409622522192663
Liverpool,,,,30.0,26.0,8.660254037844387,20.0,18.42105263157895,12.312215205837404,1717.0,1650.8947368421052,1005.6183777345295,3.0,4.2105263157894735,6.712996907892936,2.0,3.1578947368421053,4.086062460700831,3.0,3.3684210526315788,2.139847510553276,0.0,0.10526315789473684,0.3153017676423058,1.8,4.063157894736842,5.667667610256522,1.8,2.926315789473685,3.250443064715803,28.0,39.421052631578945,36.405609747024315,95.0,92.78947368421052,65.82432760965476,69.0,91.78947368421052,113.33557789314999,0.09,0.1826315789473684,0.23741295727213743,0.16,0.15368421052631576,0.1302224816874648,0.09,0.2036842105263158,0.20854550599371696,0.14,0.1431578947368421,0.10724077953521989,4.0,4.0,0.0,33.3,33.3,0.0,0.0,0.0,0.0,,,,32.3,27.53846153846154,15.399704459368609,0.14500000000000002,0.35562499999999997,0.45085058500572006,0.08,0.08230769230769232,0.08908365414540108,18.1,16.384615384615383,4.940284430719577,606.5,779.1875,648.2277602561207,80.0,79.325,8.369906411264905,12445.0,13877.5,11370.586381830388,89.1,88.5375,7.282936678748941,87.25,86.29375,9.031682659763167,53.55,54.193749999999994,13.528807227542273,8.0,17.8125,21.93693612760603,41.0,53.125,54.359145198086644,6.5,12.5,13.784048752090222,2.5,3.125,3.774917217635375,95.0,92.78947368421052,65.82432760965476,26.0,40.875,45.11152846002893,2.075,2.19625,1.669011184304447,3.0,4.75,5.650958620741558,0.2,0.25000000000000006,0.27283694764455935,32.5,35.9375,34.57835305505454,19.5,21.9375,21.855491300814997,838.0,951.25,721.7922600490162,11.0,15.1875,17.018494841397306,15.5,19.0625,17.53270753002323,14.5,18.25,19.233651066121933,9.0,13.9375,15.643821996771335,11.0,13.625,12.515989773086266,972.0,1130.9375,826.6664356518495,45.5,171.0625,288.5856242088299,13.5,16.125,15.125585388120797,13.0,14.1875,14.954235743315893,2.0,5.625,7.246838391096262,18.0,32.1875,33.2269343555295,838.0,951.25,721.7922600490162,45.7,46.86000000000001,26.206373270637812,37.1,39.70666666666667,25.29179614778184,549.5,613.75,475.97794066532117,3368.0,4914.375,4331.4024499385105,28.0,39.421052631578945,36.405609747024315,41.0,53.125,54.359145198086644,2.5,4.5625,5.316248677404021,17.0,17.375,14.24956139675885,7.0,9.1875,8.76522484974953,539.0,723.0625,597.1180194623728,69.0,91.78947368421052,113.33557789314999,17.5,21.3125,19.430967551823045,0.0,0.8125,1.1672617529928753,1.0,2.125,3.364025366531392,9.0,28.0625,33.80624942225919,64.5,74.25,53.546864209462974,12.0,24.25,34.07540657619999,11.0,15.1875,17.018494841397306,50.3,54.0625,20.531305365222153
Manchester City,,,,24.0,20.043478260869566,9.231754786750336,17.0,15.173913043478262,8.829970523543118,1494.0,1364.5217391304348,785.0814010815124,1.0,2.869565217391304,4.535760413606992,0.0,1.9130434782608696,2.609650681574432,2.0,2.347826086956522,1.7992093125030306,0.0,0.043478260869565216,0.20851441405707477,1.4,2.739130434782609,4.288540664103348,1.7,2.1391304347826083,2.3037004087169257,36.0,45.26086956521739,45.62218100013946,66.0,76.34782608695652,59.17355728214188,68.0,75.65217391304348,78.71156129453236,0.11,0.19391304347826085,0.25035863604101255,0.0,0.10304347826086958,0.14514678409391757,0.08,0.17478260869565215,0.22178756349299228,0.1,0.12347826086956522,0.12433856622698929,,,,,,,,,,,,,25.0,23.810526315789478,15.439088010517047,0.22,0.439047619047619,0.5095773225125385,0.06,0.06157894736842106,0.062116660664943535,16.2,17.063157894736843,4.907614324962088,474.0,668.5238095238095,579.1842210426332,78.5,79.6190476190476,8.106146991488558,6993.0,11556.285714285714,10572.581024247851,92.2,89.91428571428571,6.600476173298842,82.5,84.73809523809524,9.16457725105071,55.6,52.72857142857143,10.319551485270223,14.0,17.476190476190474,18.29376682812768,26.0,45.95238095238095,49.21735079265867,10.0,14.80952380952381,18.540817262513126,2.0,3.380952380952381,3.8919942250238564,66.0,76.34782608695652,59.17355728214188,39.0,40.61904761904762,35.11620166031086,2.76,2.2690476190476194,1.2773954155307774,3.0,5.333333333333333,5.842373946721772,0.2,0.2938095238095238,0.27087776192364316,20.0,20.38095238095238,14.015977277650641,13.0,12.714285714285714,8.995236834807947,611.0,807.2857142857143,634.9143361790741,9.0,9.333333333333334,6.95940610492974,13.0,15.19047619047619,11.24997354494244,18.0,26.476190476190474,30.33417057975881,9.0,9.285714285714286,6.604111273614771,7.0,9.857142857142858,8.878545569437115,768.0,979.8095238095239,682.9844521691266,31.0,113.80952380952381,199.753252551146,6.0,9.285714285714286,8.112600428610158,7.0,7.714285714285714,5.569047110079579,3.0,3.380952380952381,3.1060616619151404,33.0,59.23809523809524,77.31811221305443,611.0,807.2857142857143,634.9143361790741,43.8,44.01052631578947,22.952726653247833,50.0,47.07894736842106,20.512857186202037,472.0,585.4285714285714,427.6061939949621,2692.0,3915.904761904762,4163.0522685256055,36.0,45.26086956521739,45.62218100013946,26.0,45.95238095238095,49.21735079265867,5.0,16.38095238095238,29.65379603099103,16.0,25.476190476190474,26.435996382998404,8.0,13.80952380952381,15.705473719754675,572.0,695.6666666666666,519.3925618771733,68.0,75.65217391304348,78.71156129453236,19.0,17.761904761904763,13.296257976982705,0.0,1.9047619047619047,2.8267430358057295,2.0,5.0476190476190474,7.6451042535480855,13.0,27.0,28.642625577973817,48.0,54.904761904761905,32.35105061957766,10.0,19.80952380952381,20.98718429808784,9.0,9.333333333333334,6.95940610492974,51.95,51.92999999999999,23.50838820058648
Manchester Utd,,,,20.0,17.678571428571427,11.095723471909317,11.5,12.5,10.261398359692322,1071.0,1119.2857142857142,878.9131696523609,0.0,1.4285714285714286,2.3162640965743444,0.0,1.0,2.0548046676563256,2.5,2.7857142857142856,2.454883913030314,0.0,0.10714285714285714,0.4162696521251859,0.85,1.717857142857143,2.3063605402883,0.55,1.2785714285714287,1.7421479171067435,11.5,22.571428571428573,31.774003549872365,33.0,46.25,56.51261740466394,18.5,45.75,65.57134932157376,0.0,0.07964285714285714,0.11948910202460099,0.0,0.04714285714285714,0.0875111481938219,0.065,0.1357142857142857,0.16303665962277436,0.06,0.08642857142857141,0.08803258175093724,,,,,,,,,,,,,35.3,36.42727272727273,22.223586393914736,0.35,0.4254166666666667,0.4112016237350223,0.06,0.08999999999999998,0.12169438692694011,14.15,14.359090909090908,5.643340710279185,619.5,533.375,409.8724947547978,81.30000000000001,79.97500000000001,8.704733844543888,9520.0,8937.166666666666,6943.823678303066,90.80000000000001,88.91666666666667,6.028747556619805,85.80000000000001,84.47500000000001,9.977943065887224,51.7,52.026086956521745,16.830956797501667,4.5,11.958333333333334,15.31830154811037,30.0,37.5,33.65554415209942,4.0,9.208333333333334,11.989049955712908,0.5,1.75,3.110291472431203,33.0,46.25,56.51261740466394,15.0,30.25,34.617474853278814,1.79,1.9054166666666668,1.3952402914962327,1.0,2.9166666666666665,4.063802745412626,0.105,0.16416666666666668,0.19575754006615842,18.5,19.666666666666668,13.970984424767693,10.5,12.458333333333334,8.60221996962395,721.0,637.2916666666666,460.8796390237549,9.0,10.041666666666666,7.815698620567213,12.0,13.291666666666666,10.89267470912634,8.5,21.041666666666668,26.130906516275296,8.0,7.958333333333333,6.409769490982982,7.0,9.0,8.23037851102746,822.5,786.5833333333334,543.4483229435389,18.0,69.08333333333333,78.41024592913013,5.5,9.041666666666666,8.538807404085068,7.0,7.5,5.725609897264411,2.0,3.125,3.41750608281638,20.0,43.083333333333336,53.07739768420769,721.0,637.2916666666666,460.8796390237549,44.8,38.195454545454545,17.676146888707642,48.7,50.877272727272725,18.39932534524495,466.0,473.0833333333333,356.0676433862907,1851.0,2680.875,2395.1018733439405,11.5,22.571428571428573,31.774003549872365,30.0,37.5,33.65554415209942,1.5,11.583333333333334,20.955266364467835,9.5,17.75,20.12191105108623,5.0,15.666666666666666,21.483394328738136,579.0,545.0,390.751783772946,18.5,45.75,65.57134932157376,12.0,14.25,11.253018918610628,0.0,1.5833333333333333,2.30154327555998,1.5,3.2916666666666665,4.804700295287546,6.0,21.5,39.17297204872812,46.5,52.708333333333336,38.49164693875765,9.0,19.208333333333332,24.828068209478015,9.0,10.041666666666666,7.815698620567213,43.75,43.90833333333334,25.227709345887504
Newcastle Utd,,,,29.0,23.761904761904763,10.197572073316088,14.0,16.666666666666668,12.985889778268309,1503.0,1496.0,1081.0752517748244,1.0,3.0476190476190474,5.361680617830482,1.0,2.2857142857142856,2.900738822142682,2.0,2.761904761904762,3.1129529695252693,0.0,0.047619047619047616,0.21821789023599242,0.6,2.885714285714286,4.571136151361685,1.3,2.0619047619047617,2.3059653489322405,25.0,32.666666666666664,33.6546183061602,67.0,69.14285714285714,62.348444819647035,48.0,68.66666666666667,72.1556188618276,0.03,0.1761904761904762,0.2654143212126315,0.08,0.11285714285714286,0.12853570932401848,0.12,0.15666666666666665,0.16313593513794972,0.09,0.10666666666666666,0.08906926143924924,,,,,,,,,,,,,33.3,35.76666666666667,19.999382343403685,0.305,0.44,0.3795043206760164,0.07500000000000001,0.0811111111111111,0.07177488409553932,16.95,16.583333333333332,4.360281966057862,636.5,838.5,550.3898351062048,82.3,79.72777777777777,9.373040535967444,9677.5,14027.444444444445,9366.351836869366,90.35,89.39444444444445,6.839029189982881,86.5,84.41111111111111,9.428797496087304,56.0,55.977777777777774,9.326404991493746,17.0,22.055555555555557,17.791181629977523,39.0,64.77777777777777,56.63978601192915,12.0,18.72222222222222,17.0390746626534,1.5,4.277777777777778,7.314816193706607,67.0,69.14285714285714,62.348444819647035,47.5,47.72222222222222,34.77965185286558,2.25,2.1594444444444445,1.166581089298338,4.0,5.833333333333333,4.86584736589993,0.24,0.26055555555555554,0.17995006569543354,36.0,34.666666666666664,26.77575725298144,22.5,21.77777777777778,17.791457155399563,788.0,1028.1666666666667,629.3856248007912,11.0,14.333333333333334,11.124958691265011,17.5,19.055555555555557,12.65595522330808,21.0,25.444444444444443,24.329169667952623,14.0,13.833333333333334,8.846734193042817,13.0,15.222222222222221,14.810789213414084,1067.5,1243.7222222222222,700.6788141892081,52.5,117.72222222222223,224.80862594805745,13.5,16.055555555555557,14.905475591687072,12.5,13.833333333333334,11.683321445547923,5.0,4.777777777777778,3.904078644873778,34.5,56.05555555555556,54.10172577678224,788.0,1028.1666666666667,629.3856248007912,45.2,43.629411764705885,9.978336829469779,46.2,45.66470588235295,9.29542502904457,600.0,685.0555555555555,390.01077997503097,2578.5,4525.666666666667,3853.7802220676776,25.0,32.666666666666664,33.6546183061602,39.0,64.77777777777777,56.63978601192915,6.0,15.166666666666666,19.427845389301105,26.5,27.11111111111111,19.087688945523126,15.5,19.5,18.282907478909173,703.5,816.3888888888889,475.20560737542417,48.0,68.66666666666667,72.1556188618276,22.0,21.38888888888889,12.902981364962718,0.5,1.6111111111111112,2.3044429948123843,1.0,3.611111111111111,5.5850524131395884,29.0,43.0,48.645173873432405,76.5,84.0,46.121323382880455,17.5,23.61111111111111,19.020542730207094,11.0,14.333333333333334,11.124958691265011,55.25,53.31666666666667,16.2054184838064
Nott'ham Forest,,,,30.0,24.75,10.607221968769053,19.0,17.25,13.08222981154609,1804.0,1552.45,1070.335632308611,1.5,2.65,4.295346318982906,1.0,1.9,2.573140616363386,3.0,3.8,3.381061807682377,0.0,0.05,0.22360679774997894,1.65,2.1100000000000003,2.6631797377926776,1.1,1.4950000000000003,1.4659198656923846,15.0,28.75,34.60738436564628,42.0,49.7,44.23394743026172,23.5,50.0,59.166135406559796,0.07,0.129,0.16176330987295182,0.055,0.088,0.10354759902169579,0.08,0.12100000000000002,0.13317578411139247,0.065,0.081,0.07846554725013494,,,,,,,,,,,,,28.75,27.581249999999997,13.82824253716526,0.32,0.38764705882352934,0.3612569966755783,0.03,0.054375,0.06271297048192397,17.1,17.2375,4.151124345684352,440.0,468.70588235294116,315.716598531397,77.2,77.33529411764707,7.049108203921134,7028.0,7825.588235294118,5079.725067102839,87.7,87.74117647058823,5.8882360286771585,81.9,82.56470588235294,8.66342463870889,52.0,49.96470588235294,18.66366594403651,10.0,14.294117647058824,14.969822585297868,36.0,32.0,20.910523666326483,5.0,12.058823529411764,15.06847117425692,1.0,3.176470588235294,4.201715335991467,42.0,49.7,44.23394743026172,15.0,34.411764705882355,35.722994736460386,1.89,1.9135294117647055,1.0699412435764322,3.0,3.764705882352941,4.176263457995464,0.19,0.21647058823529414,0.17563958752480135,15.0,24.470588235294116,19.975352459527542,10.0,14.470588235294118,12.160991155426146,561.0,598.5294117647059,395.9390921668159,9.0,12.411764705882353,11.478560577928596,16.0,19.235294117647058,15.982527224146633,9.0,26.58823529411765,33.93570911210161,8.0,14.411764705882353,13.995797688634129,9.0,9.941176470588236,9.489932746306044,764.0,772.5882352941177,505.9221850768567,30.0,57.588235294117645,65.16810840389013,6.0,10.235294117647058,10.00330827629481,9.0,10.0,8.268917704270613,2.0,4.235294117647059,4.235702594681104,14.0,46.88235294117647,58.30403325772281,561.0,598.5294117647059,395.9390921668159,49.2,43.175,15.49126635667121,41.650000000000006,43.5,19.57225928025003,398.0,434.70588235294116,291.6484966329079,2010.0,2398.0588235294117,1682.962175398939,15.0,28.75,34.60738436564628,36.0,32.0,20.910523666326483,2.0,11.117647058823529,16.87780477780351,9.0,23.41176470588235,25.458443647269103,7.0,18.176470588235293,20.833372548982698,482.0,506.52941176470586,332.3072970999619,23.5,50.0,59.166135406559796,7.0,19.11764705882353,20.36198158622208,0.0,1.2352941176470589,1.8210371963768985,1.0,3.176470588235294,4.558444006972762,21.0,28.470588235294116,32.07046469701294,55.0,61.411764705882355,46.912230313013005,12.0,21.058823529411764,22.837662391965857,9.0,12.411764705882353,11.478560577928596,46.4,48.970588235294116,23.584549092199175
Southampton,,,,21.5,19.46153846153846,9.996922603404586,13.5,13.423076923076923,9.691947490254275,1193.5,1199.8076923076924,838.9236446414309,1.0,0.9230769230769231,1.0926326710501355,0.0,0.5769230769230769,0.8566482089201809,2.0,3.1153846153846154,2.997691419434937,0.0,0.11538461538461539,0.43145549730400484,0.6,1.196153846153846,1.4154803479330313,0.75,0.903846153846154,0.9297228702062865,12.5,23.0,27.46197370911275,25.5,40.65384615384615,39.57164874775102,25.5,39.42307692307692,38.868159798913126,0.04,0.057307692307692316,0.078615911484009,0.0,0.04807692307692308,0.10166687683879075,0.055,0.08653846153846154,0.09046291207748323,0.045,0.06076923076923077,0.058850527740918486,2.3,2.0500000000000003,0.7088723439378913,70.3,70.93333333333332,4.186088070422477,7.4,10.799999999999999,12.842118205342919,0.0,9.533333333333333,16.5122176988233,33.3,26.605263157894733,19.651137193110635,0.33,0.32095238095238093,0.3200141365925069,0.0,0.07526315789473684,0.11037151509800543,18.0,17.189473684210526,3.2763283543289914,257.0,389.1904761904762,328.6996530341368,81.5,81.40476190476188,7.124779027484024,4218.0,6082.857142857143,5290.264372275872,90.7,88.49047619047619,7.443044052127112,85.6,82.07619047619046,12.537619581160723,55.05,55.57222222222222,11.803279980609355,6.0,9.19047619047619,9.568798501478897,18.0,27.904761904761905,26.536587500853916,4.0,7.9523809523809526,10.131516127787542,1.0,2.1904761904761907,3.3558761541369133,25.5,40.65384615384615,39.57164874775102,15.0,21.571428571428573,22.22739622306542,1.71,2.052857142857143,1.4435239618972138,1.0,1.9047619047619047,2.4678890150240123,0.1,0.16666666666666666,0.1958656001786259,14.0,24.333333333333332,26.67645653630432,10.0,13.619047619047619,15.480556160797939,331.0,468.85714285714283,396.1353664739221,10.0,11.80952380952381,9.73457265430305,7.0,13.571428571428571,13.544635205761095,6.0,12.285714285714286,13.996938440755027,7.0,9.428571428571429,9.437009211457985,6.0,9.571428571428571,8.599833885438885,401.0,591.8095238095239,498.47985105193766,19.0,37.19047619047619,47.826372481737565,5.0,11.047619047619047,13.879755727231625,7.0,9.619047619047619,9.917036807818102,2.0,3.6666666666666665,4.199206274206274,11.0,23.285714285714285,26.11540322710499,331.0,468.85714285714283,396.1353664739221,44.2,48.265,23.479358796050718,46.65,43.685,21.970872464290196,235.0,317.42857142857144,267.6065341931268,1230.0,1654.1904761904761,1575.8930045865304,12.5,23.0,27.46197370911275,18.0,27.904761904761905,26.536587500853916,2.0,4.761904761904762,8.312068105500352,10.0,15.047619047619047,15.419066737245124,6.0,10.095238095238095,9.75143457089654,281.0,383.9047619047619,314.58574423547947,25.5,39.42307692307692,38.868159798913126,12.0,12.952380952380953,12.13868275586849,0.0,1.3333333333333333,1.9321835661585918,1.0,1.619047619047619,2.334013506306047,8.0,19.142857142857142,28.36245002514013,31.0,48.38095238095238,49.22750876336948,5.0,12.0,13.509256086106296,10.0,11.80952380952381,9.73457265430305,57.1,55.81904761904762,23.63714490050816
Tottenham,,,,22.5,20.333333333333332,8.825194500463686,16.0,14.583333333333334,7.9832251664331135,1358.0,1310.0,679.7848124990347,1.0,2.5,3.3492374213166536,1.0,1.9166666666666667,2.448010135434166,2.5,2.7083333333333335,2.3308734445466475,0.0,0.041666666666666664,0.20412414523193154,1.1,2.3625000000000003,2.986609608991731,1.05,1.7749999999999997,2.0642400433384047,27.5,33.166666666666664,28.875545041596627,50.5,63.958333333333336,45.241842086306775,42.0,63.583333333333336,70.43215462980741,0.065,0.15166666666666667,0.19920857905977465,0.10500000000000001,0.13249999999999998,0.15357337858071513,0.08499999999999999,0.15833333333333333,0.1738731838380232,0.1,0.11916666666666668,0.1113129808699099,1.5350000000000001,1.5350000000000001,0.41719300090006306,60.0,60.0,14.142135623730951,52.8,52.8,66.75088014401008,0.0,0.0,0.0,20.0,19.29375,15.037662440242055,0.06,0.2847368421052632,0.4495104549649619,0.0,0.04125,0.059986109503228614,17.6,17.181250000000002,5.258164286770305,472.0,642.7368421052631,669.1897125218148,78.7,77.16315789473684,10.643579730226302,9918.0,11897.421052631578,12475.52996565583,87.7,87.65789473684211,7.573368235649745,85.0,83.79473684210525,11.693658000253837,55.1,55.836842105263166,22.465484897858456,4.0,12.631578947368421,16.118348848149527,36.0,53.1578947368421,67.89965075830224,4.0,11.263157894736842,15.527188002064701,0.0,3.473684210526316,6.793529773514336,50.5,63.958333333333336,45.241842086306775,16.0,29.157894736842106,32.99202455458783,1.89,2.001578947368421,1.8465471175439696,2.0,3.3684210526315788,4.1259413244574255,0.11,0.20052631578947372,0.2522008389317822,14.0,26.105263157894736,28.614088870193736,8.0,15.894736842105264,18.217496891243215,820.0,803.8421052631579,776.3543909522746,3.0,8.894736842105264,10.202912094332596,3.0,16.526315789473685,20.32887497858002,5.0,13.31578947368421,14.506904990302404,3.0,10.0,13.291601358251256,4.0,12.578947368421053,15.536036207882356,1005.0,960.3684210526316,893.0507146558747,49.0,165.10526315789474,285.7990542587653,7.0,13.0,14.959203781544584,6.0,9.421052631578947,10.689121102388187,1.0,3.6842105263157894,5.365037346654183,18.0,24.31578947368421,24.388186191904353,820.0,803.8421052631579,776.3543909522746,45.2,45.411764705882355,23.58439320697432,42.1,43.141176470588235,25.31202922583276,489.0,512.0,483.66586262280975,2249.0,4981.736842105263,5973.886077867993,27.5,33.166666666666664,28.875545041596627,36.0,53.1578947368421,67.89965075830224,1.0,4.526315789473684,10.17277642126077,11.0,14.578947368421053,13.688258510586055,5.0,10.421052631578947,13.347141972362822,407.0,596.421052631579,583.7697715699491,42.0,63.583333333333336,70.43215462980741,6.0,13.947368421052632,15.84814634870774,1.0,0.9473684210526315,1.2681431837544703,1.0,1.6842105263157894,2.4049169904581222,4.0,24.105263157894736,48.671112510219615,29.0,59.05263157894737,56.540520066203186,11.0,24.210526315789473,32.1810485074824,3.0,8.894736842105264,10.202912094332596,54.2,53.14736842105264,19.578144516017304
West Ham,,,,20.0,21.82608695652174,8.700324831517099,14.0,15.217391304347826,11.204530421944714,1018.0,1364.695652173913,940.8681404466355,0.0,1.608695652173913,2.6754630938957873,1.0,1.0434782608695652,1.5514878744308411,2.0,3.130434782608696,2.6850486338254482,0.0,0.13043478260869565,0.34435022157509093,1.4,1.9304347826086956,2.287999281350947,1.2,1.3695652173913044,1.4114579124916116,15.0,24.91304347826087,30.89117709208225,33.0,48.91304347826087,40.7641922229416,25.0,48.52173913043478,58.707185223258186,0.0,0.09130434782608696,0.12817971573416637,0.04,0.0808695652173913,0.14048335532200834,0.08,0.14913043478260873,0.1605364032202456,0.09,0.10956521739130434,0.09645904740399915,,,,,,,,,,,,,29.6,29.763157894736842,13.128392070721116,0.32,0.47333333333333333,0.43396236395951815,0.09,0.10263157894736842,0.08862167437817142,15.9,17.357894736842105,5.204305460062603,294.0,555.2380952380952,479.044664385473,80.5,78.7095238095238,6.600826066630205,5895.0,10092.666666666666,9607.006361678612,89.0,88.15238095238095,5.678346506476955,81.5,83.31428571428572,8.68747867417732,52.9,56.51428571428571,10.317668618165914,9.0,13.80952380952381,13.75724917132436,29.0,44.523809523809526,39.65301886063538,8.0,12.238095238095237,14.003230919701217,1.0,3.5714285714285716,6.054514254433865,33.0,48.91304347826087,40.7641922229416,26.0,33.142857142857146,27.94330995835267,2.31,2.2919047619047617,1.2610853224410277,4.0,3.857142857142857,3.3806170189140663,0.23,0.2776190476190476,0.24306181851341363,15.0,22.047619047619047,20.343245047130978,8.0,12.857142857142858,12.622542193574615,371.0,697.1428571428571,578.0046094724752,7.0,9.095238095238095,6.331704051081052,10.0,13.952380952380953,12.611408289624874,17.0,20.285714285714285,16.885327527598797,8.0,9.380952380952381,7.977945791218379,7.0,14.428571428571429,19.38187665983722,465.0,863.6666666666666,677.9422050096404,16.0,104.47619047619048,224.84675204405755,4.0,10.0,12.30853362509117,8.0,9.142857142857142,8.498739402321466,3.0,2.9047619047619047,2.7550818845319625,23.0,36.61904761904762,34.84462109203684,371.0,697.1428571428571,578.0046094724752,40.5,39.61,18.648265052644554,46.05,50.21,21.177443312712658,275.0,492.0,391.7750630144803,1868.0,3913.9523809523807,5358.687101111525,15.0,24.91304347826087,30.89117709208225,29.0,44.523809523809526,39.65301886063538,2.0,9.380952380952381,14.50681284940352,14.0,18.523809523809526,16.086077979479796,6.0,11.761904761904763,11.099120514278425,352.0,567.2857142857143,435.5207392142357,25.0,48.52173913043478,58.707185223258186,10.0,14.857142857142858,11.416153968328013,0.0,1.0952380952380953,1.9469145308606102,1.0,2.7142857142857144,3.6761781396289424,8.0,27.238095238095237,39.827006869591344,39.0,57.80952380952381,50.12945147078616,7.0,14.857142857142858,14.765790579192547,7.0,9.095238095238095,6.331704051081052,43.7,46.33,16.457540265147383
Wolves,,,,26.0,23.333333333333332,8.598449472627802,15.0,16.61904761904762,10.99307141101244,1364.0,1491.904761904762,873.0714120140406,1.0,2.380952380952381,4.067876478903834,1.0,1.8571428571428572,2.2646349437760223,3.0,3.4285714285714284,2.767154288640743,0.0,0.09523809523809523,0.30079260375911915,0.8,1.9285714285714288,2.5347865506079317,1.1,1.5285714285714282,1.8119444961540232,15.0,25.80952380952381,28.083124910912336,39.0,50.19047619047619,40.459385867334966,40.0,49.57142857142857,47.80122532798864,0.09,0.13380952380952382,0.17042523846180152,0.05,0.11,0.13251415018781956,0.08,0.12190476190476189,0.11728678730441239,0.07,0.0866666666666667,0.07585073060513876,,,,,,,,,,,,,18.35,22.42777777777778,22.643498107314333,0.15,0.28444444444444444,0.366063675306749,0.04,0.08555555555555555,0.11454370972649916,15.3,15.050000000000002,5.577713003816275,514.5,605.8888888888889,389.765221774051,83.6,82.98333333333335,8.29728871379079,8569.5,10301.0,7636.395130441804,91.4,89.9,6.4443317547055186,88.4,85.0888888888889,9.968060103260926,57.5,59.10000000000001,18.115803955143047,8.5,9.833333333333334,7.602244250684059,42.0,49.833333333333336,42.422593869166406,7.0,9.555555555555555,9.419767839166253,1.0,3.0555555555555554,5.471554486316665,39.0,50.19047619047619,40.459385867334966,20.5,24.444444444444443,15.077143676370154,1.4849999999999999,1.6444444444444446,0.8161186636774179,2.0,2.3333333333333335,2.3763541031440183,0.095,0.15611111111111114,0.15654876665074458,23.5,23.72222222222222,15.582061917306426,12.5,13.777777777777779,9.619560681882428,631.5,719.0,444.4569720456638,7.0,9.777777777777779,7.108864024049011,13.5,15.38888888888889,11.173176329094863,10.0,14.555555555555555,15.703960617785796,9.5,9.166666666666666,6.4008271524307006,7.5,12.055555555555555,11.419653967263026,826.0,878.2222222222222,509.86844388073234,45.0,65.77777777777777,65.13565532618246,11.0,11.944444444444445,9.032439721374367,7.5,9.11111111111111,6.379091663984485,1.0,2.6666666666666665,2.6346112560657287,18.0,27.0,26.82843092471777,631.5,719.0,444.4569720456638,48.35,49.00555555555556,17.586909310193402,47.25,39.5,19.330287116336372,463.0,500.1666666666667,302.0158254521266,1981.0,3135.0,2804.8876248854062,15.0,25.80952380952381,28.083124910912336,42.0,49.833333333333336,42.422593869166406,2.0,3.7222222222222223,6.229017064896456,13.0,17.77777777777778,18.099579311183728,5.5,10.0,9.881652636251156,549.0,589.7222222222222,334.59875980845993,40.0,49.57142857142857,47.80122532798864,12.0,13.5,7.358468510738454,0.0,0.6111111111111112,1.4608172124206968,1.0,2.7222222222222223,5.988278310514885,9.0,19.27777777777778,27.447930502842816,42.0,52.55555555555556,35.30076190182973,15.5,25.0,25.30752038891393,7.0,9.777777777777779,7.108864024049011,52.25,44.21666666666667,19.14911301893027
